서비스명,카테고리,서비스가,회사명,담당자,직책,전화번호,이메일,최종 컨택일,회사홈페이지
서울 출발 DMZ 투어,아웃도어,$122 (2인),vviptravel,최한수,대표,02-739-3501,vip@vviptravel.com,,https://www.vviptravel.com/ko
일일투어: 딸기따기&나미아일랜드&쁘띠프랑스&눈썰매&빛축제,아웃도어,$130,HERE KOREA,,대표,010-8822-0426,herekorea1@gmail.com,,https://www.herekoreatravel.com/?fbclid=PAZXh0bgNhZW0CMTEAAaZyqt56vpb8QnZx1JZTbA7NzF8BIMMHX3ID_uDEMuNT5Xg0M-7Idu37veY_aem_4wzLv4GW0FMavc_FG7BzhQ
세련된 네일아트 | 홍대 네일박스,뷰티서비스,$20.68,네일박스,,," 02-6013-1091",nailbox2@naver.com,,https://blog.naver.com/nailbox2
마포 한식 바베큐 체험,푸드,$6.9,월화식당 마포,전준형,대표,02-701-7592,wolhwa_sikdang@naver.com,,https://wolhwasikdang.modoo.at/
시현하다 포토 스튜디오 강남,인도어,$37.27~,시현하다 강남,,,070-4277-7887,recorders@sihyunhada.com,,https://sihyunhada.com/
국내산 한우 소곱창 음식점,푸드,$17.94,강남 곱,,,0507-1323-7592,restaurant_gop@naver.com,,https://gangnamgop.modoo.at/?link=2g8dsg21
막걸리: 한국 전통주 만들기 클래스,푸드,"100,000",시사쿡요리아카데미,엄태상,대표,02-570-4452,sisacook@sisadream.com,,https://www.sisacook.com/community_oneday.html
정통 한국 요리 수업,푸드,"120,011",Hansik cooking class,김은주,대표,010-5496-9787,hansikcookingclass@gmail.com,,https://hansikcookingclass.com/
한국 요리 수업과 현지 시장 투어 및 문화 체험,푸드,"95,000",hellokcooking,,,010-9919-5292,hellokcooking@gmail.com,,https://www.hellokcooking.com/
홍삼 리츄얼 앤 테라피,뷰티서비스,"170,000",SPA 1899,이상민,매니저," 02-557-8030",smwhere78@naver.com,,https://www.spag.co.kr/sp1899/index.html
아트 드 라 포 마사지샵 | 명동 (작성 중),뷰티서비스,$67.41,,,,010-5749-5734,moclock24@naver.com,,
한글 실버 주얼리 만들기,뷰티서비스,"68,000",레터링 주얼리 랩 (레터링랩),박정혜,대표,010-3030-3101,lettering.jewelry.lab@gmail.com,,
롯데월드 입장권,아웃도어,"40,000",롯데월드,권오상,대표,,,01/13/2025,https://adventure.lotteworld.com/kor/main/index.do
청춘한복 대여 및 스냅촬영,렌탈서비스,$75,청춘한복 아랑,박혜연,대표," 02-2272-9522",studio.arang@gmail.com,01/13/2025,https://aranghanbok.com/aranghanbokrental
헤어스타일링&메이크업,뷰티서비스,"132,000",롤링제이 청담,박지은,대표,02-518-7890,rollingjay@naver.com,01/13/2025,https://www.instagram.com/rollingjay_official/
모아한복 대여 및 촬영 패키지 (북촌),렌탈서비스,"275,000",모아한복,"신시아, 김금희",대표,02-723-0201,moahanbok@gmail.com,01/14/2025,https://moahanbok.wixsite.com/moahanbok
홍대 K-POP 댄스 클래스,인도어,$20.55,로우그라피 홍대,서종렬,대표,0507-1314-9007,official@rawgraphy.com,01/14/2025,https://hello.rawgraphy.com/
밤에 즐기는 광장시장 먹거리 투어,아웃도어,"100,000",Goodmate Travel,Jae,대표,,cs@goodmatetravel.com,01/21/2025,https://www.goodmatetravel.com/
오프라인 캐주얼 의류 판매,의류/액세서리,,엠플레이그라운드,김지웅,대표,031-962-3351,admin@mplayground.kr,01/21/2025,https://mplayground.kr/
"퍼스널 컬러, 골격분석 진단 체험 (오콜로르)",뷰티서비스,"156,000",오콜로르(컬러즈아트) 퍼스널컬러,전민경,대표이사,1800-6355,ask@ocollor.com,01/21/2025,https://colozart.com/?gad_source=1&gclid=Cj0KCQiAj9m7BhD1ARIsANsIIvCMGGhlnqLzwFLTpbtjKrplFWuLP_NhvBJd2o21Rt7ez_Uj0h_A4oQaAstGEALw_wcB
한국 주류 강좌: 소주 직접 만들기,푸드,"65,000",무인공방,장미래,대표," 02-336-0802",moogong111@naver.com,01/21/2025,https://www.instagram.com/_mooinn/
바운스 트램폴린 파크 입장권,인도어,"25,700",vaunce,류호준,대표,1599-9583,info@vaunce.co.kr,01/31/2025,https://www.vaunce.co.kr/
서울숲에서 막걸리 양조하기,푸드,"65,000",우리술당당,김치승,대표,010-2866-6874,dangdang6874@naver.com,02/03/2025,
망원 시장 투어와 정통 한국 요리 만들기,푸드,"95,000",cookorean,조민,대표,010-7207-6648,chef@cookoreanclass.com,02/03/2025,https://www.cookoreanclass.com/
여행 일일 투어,아웃도어,$88,ktourstory,박강현,대표,010-9650-8388,"ktourstory@gmail.com, support@ktourstory.com",02/03/2025,https://ktourstory.com/
한국식 수제도장 만들기,인도어,$19.52,어라연 전각체험관,염복음,대표,010-2776-8414,yhlayuen2@naver.com,02/03/2025,https://www.kaja.re.kr/
배우고 직접 만드는 수제 막걸리,푸드,$67.92,백구생,Kim Joe,대표,,joe@baekusaeng.com,02/03/2025,https://baekusaeng.com/
외국인 한식 클래스,푸드,가격문의해야함,에스쿡청담요리학원,박보경,대표,02-555-2884,hansik1965@naver.com,02/03/2025,http://www.soodocooking.co.kr/contents.php?con_id=for
어비계곡 + 남이섬 + 아침고요수목원 입장권 및 서울 왕복 셔틀 포함 일일 투어,아웃도어,"65,000원",Lecirt,"김태규, 강민준",대표이사,010-6537-9100,Lecirt.korea@gmail.com,02/04/2025,https://www.lecirt.com/
이화교복 교복 대여,렌탈서비스,"20,000",이화교복,이상준,대표," 02-420-5871",ehwagb@naver.com,01/09/2025,https://www.ehwagyobok.com/
코엑스 아쿠아리움,인도어,"27,800",코엑스 아쿠아리움,이성호,대표,"010-4171-2750 ",jh.lee@merlinentertainments.biz,01/13/2025,https://www.coexaqua.com/
관광유람선(크루즈) 체험,아웃도어,"19,100~",이랜드 크루즈,박동진,대표,02-6291-6900,hwang_hyeon@eland.co.kr,01/20/2025,http://www.elandcruise.com/
막걸리와 맛있는 전통안주 만들기,푸드,"65,000",얌이랩:맛있는 한식연구소,김재식,대표,010-7343-0783,yum2lab@outlook.com,01/20/2025,http://yum2lab.com/
주얼리테라피 악세사리 원데이 클래스,인도어,"75,000",프랑꼬아트랩,박다희,대표," 010-9138-3585",francoartlab@naver.com,01/20/2025,https://francoshop.co.kr/
커트/염색/헤드스파 서비스,뷰티서비스,,순시키헤어,백순식,대표,02-326-5982,soonsikihair@akdkorea.com,01/20/2025,https://www.soonsiki.com/
한약 헤어 두피관리 체험,뷰티서비스,"210,000~",이문원한의원(이문원클리닉),이문원,대표,02-511-1079,leemoonwon.international@gmail.com,01/20/2025,https://www.leemoonwon.com/
캐리어 딜리버리 서비스,어플리케이션,"25,000",트립이지,김종훈,대표,010-9099-7406,johnji@daum.net,01/21/2025,https://tripeasy.co.kr/user/index.php
프라이빗 KPOP 미디어 아트 향수 공방,인도어,"81,300",AC'SCENT(악센트),"유재영, 이동주",대표," 02-336-3368 ",neander@neander.co.kr,01/31/2025,https://acscent.co.kr/
한국 전통 떡 만들기,푸드,$44.53,Sunny's Dining,,대표,"010-5025-0210, 010-5323-6974",sunnysdining@gmail.com,01/31/2025,https://sunnysdining.com/
전통 재료로 담금주 만들기,푸드,$26.56,유유히 성수,윤재성,대표,010-2959-2376 / 010-4144-2376,cii0823@naver.com,02/03/2025,
감성교복 잠실 본점 교복 대여,렌탈서비스,"20,000",감성교복 잠실 본점,남현승,대표,"02-418-4545 ",nsfriendly@naver.com,02/04/2025,https://www.gamsunggyobok.com/
그날 그 한복 대여 & 사진 촬영 체험,렌탈서비스,"30,000",그날 그 한복,백윤주,대표,02-2039-7899,hanbokday2016@naver.com,02/04/2025,http://www.hanbokthatday.co.kr/
나만의 스킨케어 만들기,인도어,$20.84,휩드,최솔,대표,070-8654-0964,business@whipped.co.kr,02/04/2025,https://www.whipped.co.kr/
도자기만들기/물레체험/핸드빌딩,인도어,"30,000",빚다 도예공방,조용현,대표,010-8962-3829,bitda123@naver.com,02/04/2025,http://www.bitda.net/default/
서울 립스틱 만들기 체험,인도어,"72,500",VIC'S LAB KOREA,주나래,대표,010-6455-2010,vicslabkorea@gmail.com,02/04/2025,https://vicslab.kr/
서울 시티투어 버스 (도심고궁남산 코스),아웃도어,"17,000",서울시티투어버스,길진용,,010-7771-4047,sct2010@daum.net,02/04/2025,https://www.seoulcitybus.com/index.php
서울에서 만나는 빛의 향연: 러브 컬러스 & 반 고흐 & 폴 고갱,인도어,"13,500",(주)모먼트컬처,임준형,대표,070-8829-9894,jh@momentculture.kr,02/04/2025,https://thart.co.kr/
센트위키 퍼퓸바 프라이빗 조향 클래스,뷰티서비스,"91,700",센트위키 (주)모두모여,김혜은,대표,023240229,airssoul@naver.com,02/04/2025,https://www.scentwiki.com/shopinfo/company.html
여의도 한강 피크닉 대여,렌탈서비스,"30,000",하루텐트,유현제,대표,010-2131-9054,ggman5525@naver.com,02/04/2025,https://harutent.modoo.at/
"오프라인 안경/렌즈/선글라스 판매 ",의류/액세서리,,다비치안경,"김인규, 김봉건",대표,1668-1407,gygy1102@davich.com,02/04/2025,https://davich.com/
원데이 댄스 프로그램,인도어,$46.59,1million studio,"김혜랑, 윤여욱",대표,070-4354-2378,biz@1milliondance.com,02/04/2025,https://www.1milliondance.com/
"오프라인 액세서리(머리끈, 목걸이 등) 판매",의류/액세서리,,뉴뉴,이기쁨,대표,02-2235-0921,nyunyu26@naver.com,,https://nyunyu.kr/
N 서울타워 전망대 (남산),인도어,"18,000",cj foodville,김찬호,대표이사,02-3455-9277,help_master@cj.net,01/20/2025,https://www.nseoultower.co.kr/
경복궁 한복 대여 한복남,렌탈서비스,"30,000",한복남(HANBOKNAM),박세상,대표,010-6558-8507,hanboknams@naver.com,01/20/2025,http://hanboknamglobal.com/about-ceo/
경복궁 한복 대여 대한 한복,인도어,"20,000",대한한복,,대표,010-2183-0255,daehanhanbok@gmail.com,01/21/2025,https://daehanhanbok.modoo.at/?link=ck0cdner
경복궁 한복 종일 대여 원데이,렌탈서비스,32000,원데이한복,이숭주,대표,070-4202-4310,onedayhb@naver.com,01/21/2025,https://www.onedayhanbok.com/
24시간 스파렉스 찜질방 (동묘),인도어,$6.98,스파렉스 동묘,,-,010.8132.5524,-,,https://blog.naver.com/sparex7775
"서울 궁전, 사찰, 시장 가이드 투어",아웃도어,$41,TRIPPER KOREA,류건우,대표,01099272977,Operator@tripperkorea.com,01/09/2025,https://tripperkorea.com/
경복궁 한복 대여 및 스냅촬영,렌탈서비스,"25,000",참한복,임상혁,대표,02-2266-7119,chamhanbok@naver.com,01/13/2025,https://chamhanbok.modoo.at/?link=5jpb5c0t&gad_source=1&gclid=CjwKCAjw0YGyBhByEiwAQmBEWlU_eYF3mV2JoZZ1aSuwsyJ8SYu1Ssj9fiLQ-GgPy48jDUyssKbK1RoCdhUQAvD_BwE
"퍼스널 컬러, 골격진단 체험",뷰티서비스,"110,000",컬러오브유,조문주,대표,010-4195-0444,colorofu0401@gmail.com,01/13/2025,https://www.instagram.com/color_of_you_/reels/?api=1
경복궁 한복 대여 해와달,렌탈서비스,"15,000",해와달 한복,홍준화,대표,02-733-7188,haewadal888@naver.com,01/21/2025,https://haewadal.modoo.at/?link=73vcbji1
빛나는 자개 스마트폰 그립톡 만들기 체험,인도어,"35,000",휘호,홍현아,대표,0507-0178-2398,lhcorpc@gmail.com,01/21/2025,https://hwiho.imweb.me/
지역 역사가와 함께하는 서울 달빛 산책 투어,아웃도어,$34,Seouldude,김준,대표,010-3036-2199,seouldudejune@gmail.com,01/21/2025,https://seouldude.com/
자기 이름으로 돌 도장 만들기,인도어,"60,000",필소굿캘리,김정주,대표,010-4395-0929,eins331@naver.com,02/04/2025,
전통 한국 도자기 만들기,인도어,"137,428",Ceradu Studio,김미내,대표,"02-558-9654 ",ceradumine@gmail.com,02/04/2025,https://www.ceradu.com/
한옥에서 커스터마이즈 향수 만들기,뷰티서비스,"72,000",프루스트,한유미,대표,02-742-3552,hymloveet@naver.com,02/04/2025,https://www.instagram.com/proustscent/
스파렉스 찜질방 사우나 입장권,인도어,$17.59,스파렉스 굿모닝시티점,,,"0507-1498-2779,  02-2273-2777",,01/07/2025,https://sparexddp.modoo.at/
창덕궁 한복 대여,렌탈서비스,"15,000",도로시 한복여행,,대표,010-8754-0160,dorothy2324@naver.com,01/08/2025,https://dorothyhanbok.modoo.at/
마사지 (두피 & 전신) + 헤어트리트먼트,뷰티서비스,"150,000~",오휘 명동,,,010-8527-5253,ohuinonhyun@gmail.com,01/09/2025,https://www.instagram.com/ohuispa_myeongdong?igsh=MW80d28zcDAyOWdxeQ%3D%3D
여용국 한방 스파 트리트먼트,뷰티서비스,"130,000~",여용국한방스파,최지오,대표,010-6744-7416,ringko@hanmail.net,01/20/2025,https://yeoyongguk.com/appointment/
서울 명동 난타 공연 티켓,인도어,"34,200",명동 난타극장,,,02-739-8288,nanta.online@gmail.com,01/21/2025,https://www.nanta.co.kr:452/
한국 요리 클래스 (+ 전통시장 체험),푸드,$68.59,오미 요리연구소,,,010-5060-5250,ome@5-tastes.com,01/31/2025,
"한방 족욕, 전통차 체험",인도어,$12.34,티테라피,이은경,대표,02-518-7507,stekina@hanmail.net,01/31/2025,https://www.teatherapy.com/
스냅/스튜디오촬영(홍대),인도어,"50,000",별 사진관,김상은,대표,010-6877-2507,luckystar_00@naver.com,02/04/2025,http://www.lucky-star.co.kr/
예술가와 찾아보는 서울의 숨겨진 얼굴,아웃도어,"60,000",hiddenlookseoul,,대표,010-4441-2224,hiddenlookseoul@gmail.com,02/04/2025,
"베이킹클래스, 상품 판매",푸드,"79,000",아뜰리에 몽글,배병준,대표,02-3425-1156,ateliermongle@naver.com,,https://ateliermongle.com/